employee_id,name,department,designation,salary,leaves_remaining,assigned_project,experience_years,performance_rating,employee_status
EMP001,Manoj Iyer,IT,DevOps Engineer,1071000,2,,7,4.2,Resigned
EMP002,Shreya Gupta,Operations,Operations Executive,449000,0,,0,2.7,Resigned
EMP003,Kirti Rao,Operations,Operations Executive,1047000,7,Compliance Tracking Tool,14,4.4,Active
EMP004,Vinod Kumar,Sales,Business Development Manager,2012000,5,Recommendation Engine,4,3.0,Active
EMP005,Vikram Mishra,Sales,Sales Manager,1802000,14,Customer Support Automation,8,3.4,Active
EMP006,Sai Pillai,Marketing,SEO Analyst,1542000,11,Compliance Tracking Tool,6,2.1,Active
EMP007,Sai Mishra,AI/ML,ML Engineer,1350000,13,RAG Knowledge Base System,12,3.9,Active
EMP008,Vikram Rao,Marketing,Marketing Executive,875000,10,Recommendation Engine,5,2.7,Active
EMP009,Manoj Chauhan,AI/ML,AI Research Engineer,1922000,10,Recommendation Engine,1,2.1,Active
EMP010,Arjun Rao,Sales,Sales Executive,1267000,10,Sales Forecasting Dashboard,15,4.7,Active
EMP011,Ishaan Patel,Marketing,Marketing Manager,2425000,17,Document Intelligence Platform,12,5.0,Active
EMP012,Sai Ghosh,IT,Software Engineer,1439000,4,Talent Analytics Dashboard,4,4.4,Active
EMP013,Rajesh Singh,Data,BI Analyst,1626000,2,,8,4.8,Resigned
EMP014,Krishna Bhatt,Marketing,SEO Analyst,1095000,10,Vendor Management System,3,2.5,Active
EMP015,Sneha Ghosh,Finance,Financial Analyst,1655000,7,Mobile Banking App,9,3.8,Active
EMP016,Shreya Ghosh,IT,System Administrator,1169000,11,Real-time Analytics Pipeline,10,2.3,Active
EMP017,Anika Verma,AI/ML,ML Engineer,1529000,0,,2,4.4,Terminated
EMP018,Ishaan Nair,Data,BI Analyst,1139000,8,Fraud Detection Engine,5,4.6,Active
EMP019,Ramesh Joshi,Operations,Business Analyst,1649000,9,Inventory Management System,11,3.6,Active
EMP020,Arjun Kapoor,IT,System Administrator,838000,0,,7,2.2,Resigned
EMP021,Saanvi Gupta,IT,DevOps Engineer,1285000,1,Fraud Detection Engine,2,2.8,On Leave
EMP022,Gaurav Pandey,Data,Data Analyst,1445000,1,,15,2.3,Resigned
EMP023,Vikram Kumar,Operations,Operations Manager,1623000,5,Price Optimization Model,1,3.2,Active
EMP024,Anika Rao,AI/ML,NLP Engineer,1226000,4,Predictive Maintenance System,4,2.8,Active
EMP025,Siddharth Kaur,HR,HR Executive,449000,17,Data Warehouse Modernization,0,4.5,Active
EMP026,Neha Rao,Operations,Operations Executive,674000,16,Customer Support Automation,5,5.0,Active
EMP027,Ishita Kumar,Data,Data Analyst,1144000,0,Vendor Management System,6,4.9,On Leave
EMP028,Pankaj Kapoor,IT,Software Engineer,1871000,4,Document Intelligence Platform,15,3.6,Active
EMP029,Diya Gupta,HR,HR Manager,2181000,0,Talent Analytics Dashboard,12,3.7,On Leave
EMP030,Rekha Gupta,Operations,Business Analyst,1190000,10,Inventory Management System,10,4.0,Active
EMP031,Karan Nair,Marketing,Marketing Manager,1705000,0,Payroll Automation System,10,3.4,On Leave
EMP032,Shreya Rao,Marketing,Digital Marketing Specialist,1254000,16,RAG Knowledge Base System,11,2.7,Active
EMP033,Shreya Chauhan,Marketing,Marketing Executive,1219000,5,Marketing Campaign Analytics,9,2.3,Active
EMP034,Reyansh Dubey,Finance,Finance Manager,2188000,2,,9,3.0,Resigned
EMP035,Kavya Bose,Data,Data Engineer,833000,2,AI Chatbot Assistant,1,3.3,Active
EMP036,Amit Ghosh,Finance,Finance Manager,2492000,0,Customer Churn Prediction,5,4.1,On Leave
EMP037,Arjun Naidu,Finance,Financial Analyst,1675000,11,AI Chatbot Assistant,11,2.4,Active
EMP038,Suresh Naidu,IT,DevOps Engineer,1554000,15,Compliance Tracking Tool,6,4.0,Active
EMP039,Rekha Dubey,Finance,Accountant,905000,12,Vendor Management System,5,3.2,Active
EMP040,Nikhil Kaur,AI/ML,AI Research Engineer,1764000,1,Inventory Management System,5,4.6,On Leave
EMP041,Aryan Malhotra,Marketing,Digital Marketing Specialist,981000,4,Marketing Campaign Analytics,7,2.6,Active
EMP042,Sunil Mehta,Sales,Sales Manager,2835000,10,Real-time Analytics Pipeline,12,4.8,Active
EMP043,Diya Menon,Marketing,Marketing Executive,800000,18,Data Warehouse Modernization,3,3.0,Active
EMP044,Krishna Singh,AI/ML,AI Research Engineer,2330000,1,Website Redesign,1,3.6,On Leave
EMP045,Suresh Kumar,HR,Talent Acquisition Specialist,1823000,11,Document Intelligence Platform,10,2.4,Active
EMP046,Sanjay Kumar,Sales,Business Development Manager,2735000,1,,9,2.6,Resigned
EMP047,Ashok Dubey,Finance,Finance Manager,3057000,15,Fraud Detection Engine,12,2.0,Active
EMP048,Nisha Desai,Sales,Business Development Manager,2847000,1,Price Optimization Model,14,2.6,On Leave
EMP049,Sanjay Gupta,Marketing,SEO Analyst,1533000,8,Price Optimization Model,2,4.0,Active
EMP050,Rohan Sharma,IT,Senior Software Engineer,2002000,2,,15,3.2,Resigned
